{
  "project_info": {
    "project_number": "641051609903",
    "firebase_url": "https://silencio-946f2.firebaseio.com",
    "project_id": "silencio-946f2",
    "storage_bucket": "silencio-946f2.appspot.com"
  },
  "client": [
    {
      "client_info": {
        "mobilesdk_app_id": "1:641051609903:android:8c55b8066683399f",
        "android_client_info": {
          "package_name": "com.teamshunya.silencio"
        }
      },
      "oauth_client": [
        {
          "client_id": "641051609903-f4ut5atgq18083o3oc3a0vkgtb89hckh.apps.googleusercontent.com",
          "client_type": 3
        }
      ],
      "api_key": [
        {
          "current_key": "AIzaSyAj6DIGLZSCnBsLqDhDBZHIrzftuTJtECM"
        }
      ],
      "services": {
        "analytics_service": {
          "status": 1
        },
        "appinvite_service": {
          "status": 2,
          "other_platform_oauth_client": [
            {
              "client_id": "641051609903-f4ut5atgq18083o3oc3a0vkgtb89hckh.apps.googleusercontent.com",
              "client_type": 3
            }
          ]
        },
        "ads_service": {
          "status": 2
        }
      }
    }
  ],
  "configuration_version": "1"
}